USB-Clawd and a Mini Fax Machine,https://benbyfax.substack.com/p/clawd-minifax,
"Show HN: Moon simulator game, ray-casting",https://mooncraft2000.com,
Void: A physics-aware video editing tool by Netflix,https://void-model.github.io/,
The AI writing witchhunt is pointless,https://www.joanwestenberg.com/the-ai-writing-witchhunt-is-pointless/,
P – Formal Modeling and Analysis of Distributed Systems from AWS,https://p-org.github.io/P/,
"Nothing Is Real, or Anything Can Be",https://velagao.substack.com/p/nothing-is-real-or-anything-can-be,
The Cloudflare Bug That Took Down the Internet,https://onlytech.boo/incident/the-cloudflare-bug-that-took-down-the-internet-mnn079uv,
Show HN: DockerTab – Manage your Docker containers from iOS and Android,https://dockertab.app,
Ask HN: Would you use a local-first desktop app for AWS and Terraform workflows?,,
Laws of Developer Experience for Content Management Systems,https://www.knut.fyi/blog/2026-04-04/the-10-laws-of-developer-experience-for-content-management-systems,
The hotel where Agatha Christie wrote a classic [video],https://www.bbc.com/reel/video/p0n3cpm6/watch,
Billions in March Madness betting pool is fodder for research,https://phys.org/news/2026-03-billions-madness-pool-fodder.html,
"Angelfire and Tripod, Gone",https://menga.net/angelfire-and-tripod-gone,
Experimenting with AI Subagents,https://blog.frankel.ch/experimenting-ai-subagents/,
"Bing, not Google, shapes which brands ChatGPT recommends",https://searchengineland.com/bing-ranking-chatgpt-visibility-study-473680,
Show HN: ComputeLock – Insurance to reduce unpredictable compute spend,https://computelock.com/,
India Starts Advanced Reactor That Makes More Fuel Than It Uses,https://twitter.com/narendramodi/status/2041187159655305350,
Uncomplicating PostgreSQL management in Kubernetes- free webinar 4/14 11AM EST,https://us02web.zoom.us/webinar/register/WN_G1FtqK8fSe-DF3asizQ0xw,
Acclaimed Physicist and Daughter Are Burying Tiny Nuclear Reactors Underground,https://www.forbes.com/sites/christopherhelman/2026/04/02/acclaimed-physicist-and-his-daughter-are-burying-tiny-nuclear-reactors-a-mile-underground/,
Industrial Policy for the Intelligence Age: Ideas to Keep People First [pdf],https://cdn.openai.com/pdf/561e7512-253e-424b-9734-ef4098440601/Industrial%20Policy%20for%20the%20Intelligence%20Age.pdf,
Exhaustion vs. Burnout,https://olshansky.info/thoughts/2026-04-06-exhaustion-vs-burnout,
Web Augmenter – Reshape any website with one sentence,https://harishsg993010.github.io/web-augmenter/,
Can You Fake Being Rich?,https://www.nytimes.com/2026/03/30/style/rich-old-money-tiktok.html,
"Surprising links between autism, Alzheimer's could change how we treat both",https://www.washingtonpost.com/health/2026/04/02/autism-alzheimers-link-research-treatment/,
NASA's Artemis II Crew Flies Around the Moon (Official Broadcast),https://plus.nasa.gov/scheduled-video/nasas-artemis-ii-crew-flies-around-the-moon-official-broadcast/,
The Bedrock Is Shifting: Five Developments Rethinking Computat,https://suthakamal.substack.com/p/the-bedrock-is-shifting-five-developments,
Real Feelings for Fake Beauty,https://freddiedeboer.substack.com/p/real-feelings-for-fake-beauty,
"Show HN: I built a modern, self-hosted control plane to manage migrations",https://github.com/minuth/open-migration,
Can deterministic coding be relevant in 2026?,https://npmjs.com/package/@cmpsbl/cli,
Autonmomous Agent Identity Framework,https://github.com/highflame-ai/zeroid,
"Studio Display XDR medical imaging feature gets FDA cleared, launching this week",https://9to5mac.com/2026/04/06/studio-display-xdr-medical-imaging-feature-fda-clearance/,
The Genie Out of the Bottle – What Happens When AI Grants Your Wishes,https://mpdc.dev/a-i-laddins-lamp/,
We built adaptive follow ups into our Voice Mock Interviews at Four-Leaf.ai,https://typefully.com/FourLeaf_AI/adaptive-interview-questions-hZRQJ1b,
This Guy Made a Whip for Claude,,
Baldwin Effect,https://en.wikipedia.org/wiki/Baldwin_effect,
"LiveKit on Telnyx: hosted agents with no session fees, lower speech costs",https://telnyx.com/release-notes/livekit-on-telnyx-voice-ai-infrastructure,
Startup founder's day swinging between 99% failure with 1% hope,,
Can India Afford to Quit Coal?,https://oilprice.com/Energy/Energy-General/Can-India-Afford-to-Quit-Coal.html,
Smart people recognize each other – science proves it,https://comuniq.xyz/post?t=920,
Is Infrastructure as Code the Right Model for the Modern Cloud?,https://www.planetform.io/blog/infrastructure-entropy-problem,
Tokenized Finance [pdf],https://www.imf.org/-/media/files/publications/imf-notes/2026/english/insea2026001.pdf,
17K MCP Servers in One Week–Here's What Matters,https://mcppedia.org/blog/2026-04-06-17k-mcp-servers-in-one-week-here-s-what-actually-matters,
Sorting Performance Rabbit Hole,https://nibblestew.blogspot.com/2026/04/sorting-performance-rabbit-hole.html,
Alan Kay's Answers on Quora,https://kennethfriedman.org/more/alan-kay-answers/,
Watch Artemis II's Closest Approach to the Moon [video],https://www.youtube.com/watch?v=Fbpd2YB8seo,
"iMessage API for OpenClaw agents, no Mac required",https://www.clawmessenger.com/,
Lucide Icons – Release Version 1,https://lucide.dev/guide/version-1,
"Post mortem on Linear security incident on March 24th, 2026",https://linear.app/now/linear-incident-on-mar-24th-2026,
,,
Judgment Is the Scarce Resource in Data Science,https://allthingsinsights.com/content/judgment-is-the-scarce-resource-in-data-science/,
PostgresBench: A Reproducible Benchmark for Postgres Services,https://clickhouse.com/blog/postgresbench,
Scientists uncover how the brain resolves emotional ambiguity,https://www.psy.ox.ac.uk/news/oxford-scientists-uncover-how-the-brain-resolves-emotional-ambiguity,
Mac'26 – Europe's Largest Affiliate Conference,https://intech.am/mac26-europes-largest-igaming-affiliate-conference-in-yerevan/,
Screenshot of interesting generalization from a tiny corpus on linear RNN,,
Got kicked out of uni and had the cops called for a social media website I made,https://monyatwu.com/blog/iitsocial/,
A platform to get full insight into companies,https://omnistat.app,
Show HN: EvalLens – Open-source tool to evaluate structured LLM outputs,https://github.com/simonrendona/eval-lens,
You're Building AI Agents on Layers That Won't Exist in 18 Months [video],https://www.youtube.com/watch?v=7HP1jFJ9W1c,
Show HN: View Terraform plans without reading walls of JSON,https://viewlense.agentics.workers.dev/,
Stop scattering your AI agent skills across projects,https://adiact.com,
