title,url,time,clean_title,sentiment
USB-Clawd and a Mini Fax Machine,https://benbyfax.substack.com/p/clawd-minifax,,usbclawd and a mini fax machine,neutral
"Show HN: Moon simulator game, ray-casting",https://mooncraft2000.com,,show hn moon simulator game raycasting,neutral
Void: A physics-aware video editing tool by Netflix,https://void-model.github.io/,,void a physicsaware video editing tool by netflix,neutral
The AI writing witchhunt is pointless,https://www.joanwestenberg.com/the-ai-writing-witchhunt-is-pointless/,,the ai writing witchhunt is pointless,neutral
P – Formal Modeling and Analysis of Distributed Systems from AWS,https://p-org.github.io/P/,,p  formal modeling and analysis of distributed systems from aws,neutral
"Nothing Is Real, or Anything Can Be",https://velagao.substack.com/p/nothing-is-real-or-anything-can-be,,nothing is real or anything can be,neutral
The Cloudflare Bug That Took Down the Internet,https://onlytech.boo/incident/the-cloudflare-bug-that-took-down-the-internet-mnn079uv,,the cloudflare bug that took down the internet,negative
Show HN: DockerTab – Manage your Docker containers from iOS and Android,https://dockertab.app,,show hn dockertab  manage your docker containers from ios and android,neutral
Ask HN: Would you use a local-first desktop app for AWS and Terraform workflows?,,,ask hn would you use a localfirst desktop app for aws and terraform workflows,neutral
Laws of Developer Experience for Content Management Systems,https://www.knut.fyi/blog/2026-04-04/the-10-laws-of-developer-experience-for-content-management-systems,,laws of developer experience for content management systems,neutral
The hotel where Agatha Christie wrote a classic [video],https://www.bbc.com/reel/video/p0n3cpm6/watch,,the hotel where agatha christie wrote a classic video,neutral
Billions in March Madness betting pool is fodder for research,https://phys.org/news/2026-03-billions-madness-pool-fodder.html,,billions in march madness betting pool is fodder for research,neutral
"Angelfire and Tripod, Gone",https://menga.net/angelfire-and-tripod-gone,,angelfire and tripod gone,neutral
Experimenting with AI Subagents,https://blog.frankel.ch/experimenting-ai-subagents/,,experimenting with ai subagents,neutral
"Bing, not Google, shapes which brands ChatGPT recommends",https://searchengineland.com/bing-ranking-chatgpt-visibility-study-473680,,bing not google shapes which brands chatgpt recommends,neutral
Show HN: ComputeLock – Insurance to reduce unpredictable compute spend,https://computelock.com/,,show hn computelock  insurance to reduce unpredictable compute spend,neutral
India Starts Advanced Reactor That Makes More Fuel Than It Uses,https://twitter.com/narendramodi/status/2041187159655305350,,india starts advanced reactor that makes more fuel than it uses,neutral
Uncomplicating PostgreSQL management in Kubernetes- free webinar 4/14 11AM EST,https://us02web.zoom.us/webinar/register/WN_G1FtqK8fSe-DF3asizQ0xw,,uncomplicating postgresql management in kubernetes free webinar  am est,neutral
Acclaimed Physicist and Daughter Are Burying Tiny Nuclear Reactors Underground,https://www.forbes.com/sites/christopherhelman/2026/04/02/acclaimed-physicist-and-his-daughter-are-burying-tiny-nuclear-reactors-a-mile-underground/,,acclaimed physicist and daughter are burying tiny nuclear reactors underground,neutral
Industrial Policy for the Intelligence Age: Ideas to Keep People First [pdf],https://cdn.openai.com/pdf/561e7512-253e-424b-9734-ef4098440601/Industrial%20Policy%20for%20the%20Intelligence%20Age.pdf,,industrial policy for the intelligence age ideas to keep people first pdf,neutral
Exhaustion vs. Burnout,https://olshansky.info/thoughts/2026-04-06-exhaustion-vs-burnout,,exhaustion vs burnout,neutral
Web Augmenter – Reshape any website with one sentence,https://harishsg993010.github.io/web-augmenter/,,web augmenter  reshape any website with one sentence,neutral
Can You Fake Being Rich?,https://www.nytimes.com/2026/03/30/style/rich-old-money-tiktok.html,,can you fake being rich,neutral
"Surprising links between autism, Alzheimer's could change how we treat both",https://www.washingtonpost.com/health/2026/04/02/autism-alzheimers-link-research-treatment/,,surprising links between autism alzheimers could change how we treat both,neutral
NASA's Artemis II Crew Flies Around the Moon (Official Broadcast),https://plus.nasa.gov/scheduled-video/nasas-artemis-ii-crew-flies-around-the-moon-official-broadcast/,,nasas artemis ii crew flies around the moon official broadcast,neutral
The Bedrock Is Shifting: Five Developments Rethinking Computat,https://suthakamal.substack.com/p/the-bedrock-is-shifting-five-developments,,the bedrock is shifting five developments rethinking computat,neutral
Real Feelings for Fake Beauty,https://freddiedeboer.substack.com/p/real-feelings-for-fake-beauty,,real feelings for fake beauty,neutral
"Show HN: I built a modern, self-hosted control plane to manage migrations",https://github.com/minuth/open-migration,,show hn i built a modern selfhosted control plane to manage migrations,neutral
Can deterministic coding be relevant in 2026?,https://npmjs.com/package/@cmpsbl/cli,,can deterministic coding be relevant in ,neutral
Autonmomous Agent Identity Framework,https://github.com/highflame-ai/zeroid,,autonmomous agent identity framework,neutral
"Studio Display XDR medical imaging feature gets FDA cleared, launching this week",https://9to5mac.com/2026/04/06/studio-display-xdr-medical-imaging-feature-fda-clearance/,,studio display xdr medical imaging feature gets fda cleared launching this week,neutral
The Genie Out of the Bottle – What Happens When AI Grants Your Wishes,https://mpdc.dev/a-i-laddins-lamp/,,the genie out of the bottle  what happens when ai grants your wishes,neutral
We built adaptive follow ups into our Voice Mock Interviews at Four-Leaf.ai,https://typefully.com/FourLeaf_AI/adaptive-interview-questions-hZRQJ1b,,we built adaptive follow ups into our voice mock interviews at fourleafai,neutral
This Guy Made a Whip for Claude,,,this guy made a whip for claude,neutral
Baldwin Effect,https://en.wikipedia.org/wiki/Baldwin_effect,,baldwin effect,positive
"LiveKit on Telnyx: hosted agents with no session fees, lower speech costs",https://telnyx.com/release-notes/livekit-on-telnyx-voice-ai-infrastructure,,livekit on telnyx hosted agents with no session fees lower speech costs,neutral
Startup founder's day swinging between 99% failure with 1% hope,,,startup founders day swinging between  failure with  hope,positive
Can India Afford to Quit Coal?,https://oilprice.com/Energy/Energy-General/Can-India-Afford-to-Quit-Coal.html,,can india afford to quit coal,neutral
Smart people recognize each other – science proves it,https://comuniq.xyz/post?t=920,,smart people recognize each other  science proves it,neutral
Is Infrastructure as Code the Right Model for the Modern Cloud?,https://www.planetform.io/blog/infrastructure-entropy-problem,,is infrastructure as code the right model for the modern cloud,neutral
Tokenized Finance [pdf],https://www.imf.org/-/media/files/publications/imf-notes/2026/english/insea2026001.pdf,,tokenized finance pdf,neutral
17K MCP Servers in One Week–Here's What Matters,https://mcppedia.org/blog/2026-04-06-17k-mcp-servers-in-one-week-here-s-what-actually-matters,,k mcp servers in one weekheres what matters,neutral
Sorting Performance Rabbit Hole,https://nibblestew.blogspot.com/2026/04/sorting-performance-rabbit-hole.html,,sorting performance rabbit hole,neutral
Alan Kay's Answers on Quora,https://kennethfriedman.org/more/alan-kay-answers/,,alan kays answers on quora,neutral
Watch Artemis II's Closest Approach to the Moon [video],https://www.youtube.com/watch?v=Fbpd2YB8seo,,watch artemis iis closest approach to the moon video,neutral
"iMessage API for OpenClaw agents, no Mac required",https://www.clawmessenger.com/,,imessage api for openclaw agents no mac required,neutral
Lucide Icons – Release Version 1,https://lucide.dev/guide/version-1,,lucide icons  release version ,neutral
"Post mortem on Linear security incident on March 24th, 2026",https://linear.app/now/linear-incident-on-mar-24th-2026,,post mortem on linear security incident on march th ,neutral
,,,,neutral
Judgment Is the Scarce Resource in Data Science,https://allthingsinsights.com/content/judgment-is-the-scarce-resource-in-data-science/,,judgment is the scarce resource in data science,neutral
PostgresBench: A Reproducible Benchmark for Postgres Services,https://clickhouse.com/blog/postgresbench,,postgresbench a reproducible benchmark for postgres services,neutral
Scientists uncover how the brain resolves emotional ambiguity,https://www.psy.ox.ac.uk/news/oxford-scientists-uncover-how-the-brain-resolves-emotional-ambiguity,,scientists uncover how the brain resolves emotional ambiguity,neutral
Mac'26 – Europe's Largest Affiliate Conference,https://intech.am/mac26-europes-largest-igaming-affiliate-conference-in-yerevan/,,mac  europes largest affiliate conference,neutral
Screenshot of interesting generalization from a tiny corpus on linear RNN,,,screenshot of interesting generalization from a tiny corpus on linear rnn,neutral
Got kicked out of uni and had the cops called for a social media website I made,https://monyatwu.com/blog/iitsocial/,,got kicked out of uni and had the cops called for a social media website i made,neutral
A platform to get full insight into companies,https://omnistat.app,,a platform to get full insight into companies,neutral
Show HN: EvalLens – Open-source tool to evaluate structured LLM outputs,https://github.com/simonrendona/eval-lens,,show hn evallens  opensource tool to evaluate structured llm outputs,neutral
You're Building AI Agents on Layers That Won't Exist in 18 Months [video],https://www.youtube.com/watch?v=7HP1jFJ9W1c,,youre building ai agents on layers that wont exist in  months video,neutral
Show HN: View Terraform plans without reading walls of JSON,https://viewlense.agentics.workers.dev/,,show hn view terraform plans without reading walls of json,neutral
Stop scattering your AI agent skills across projects,https://adiact.com,,stop scattering your ai agent skills across projects,neutral
